{
  "message": "Success",
  "errors": null,
  "params": {
    "check_in": "2025-02-27",
    "check_out": "2025-03-02",
    "city": "445",
    "adults_count": "1",
    "star": null
  },
  "data": {
    "uid": "d7e91c74-e472-42ac-b99a-87b6897813fa_2025-02-26T09:27:44",
    "total_pages": 9,
    "data_count": 163,
    "current_page": 1,
    "data": [
      {
        "rooms": [
          {
            "room_type_id": 97,
            "room_type_name": "اتاق یک تخته",
            "room_type": "یک تخته",
            "room_type_capacity": 1,
            "room_type_extra_capacity": 0,
            "rate_plans": [
              {
                "id": 3935,
                "name": "مهمان خارجی(باصبحانه)",
                "cancelable": 1,
                "meal_type_included": "breakfast",
                "prices": {
                  "has_off": true,
                  "total_price": 59400000,
                  "total_board_price": 72600000,
                  "total_extend_price": 36300000,
                  "total_extend_board_price": 36300000,
                  "total_child_price": 0,
                  "total_child_board_price": 0,
                  "accept_child": false,
                  "reserve_state": "online",
                  "closed": false,
                  "inventory": 1
                }
              },
              {
                "id": 273,
                "name": "اقامت با صبحانه",
                "cancelable": 1,
                "meal_type_included": "breakfast",
                "prices": {
                  "has_off": true,
                  "total_price": 52800000,
                  "total_board_price": 72600000,
                  "total_extend_price": 36300000,
                  "total_extend_board_price": 36300000,
                  "total_child_price": 0,
                  "total_child_board_price": 0,
                  "accept_child": false,
                  "reserve_state": "online",
                  "closed": false,
                  "inventory": 1
                }
              }
            ],
            "english_room_type": "single"
          }
        ],
        "min_price": 52800000,
        "max_price": 182700000,
        "id": 506,
        "name": "تارا",
        "english_name": null,
        "images": [
          {
            "image": "/media/basic/accommodation/5c36aa75-234c-435d-b471-862a46490e6c.jpg",
            "alt": "تارا",
            "caption": null
          },
          {
            "image": "/media/basic/accommodation/7ce1471b-89d6-4bfa-867c-fbe6cdafa320.jpg",
            "alt": "تارا",
            "caption": null
          },
          {
            "image": "/media/basic/accommodation/6886c8bb-b417-40ce-b874-c6a358374442.jpg",
            "alt": "تارا",
            "caption": null
          }
        ],
        "address": "مشهد، خیابان شیرازی، بین شیرازی 17 و 19، جنب باغ نادری",
        "star": 4,
        "star_rating": 0.0,
        "type": "هتل",
        "english_type": "Hotel",
        "location": "36.29597757134,59.608808987697"
      }
    ],
    "exp_at": "2025-02-26T09:27:44"
  }
}
